PassengerId;Pclass;Sex;Age;SibSp;Parch;Fare;Embarked
1;1.0;1;0.2711736617240512;0.125;0.0;0.014151057562208049;2
2;0.0;0;0.4722292033174164;0.125;0.0;0.13913573538264068;0
3;1.0;0;0.32143754712239253;0.0;0.0;0.015468569817999833;2
4;0.0;0;0.4345312892686604;0.125;0.0;0.10364429745562033;2
5;1.0;1;0.4345312892686604;0.0;0.0;0.015712553569072387;2
6;1.0;1;0.34656948982156316;0.0;0.0;0.01650950209357577;1
7;0.0;1;0.6732847449107816;0.0;0.0;0.10122885832000206;2
8;1.0;1;0.01985423473234481;0.375;0.16666666666666666;0.04113566043083236;2
9;1.0;0;0.33400351847197784;0.0;0.3333333333333333;0.021730754366528396;2
10;0.5;0;0.17064589092736868;0.125;0.0;0.058694292654020104;0
11;1.0;0;0.04498617743151546;0.125;0.16666666666666666;0.03259622914329302;2
12;0.0;0;0.723548630309123;0.0;0.0;0.051822148727810165;2
13;1.0;1;0.24604171902488062;0.0;0.0;0.015712553569072387;2
14;1.0;1;0.4847951746670017;0.125;0.8333333333333333;0.06104473451835265;2
15;1.0;0;0.17064589092736868;0.0;0.0;0.015330377421392339;2
16;0.5;0;0.685850716260367;0.0;0.0;0.03122992013728673;2
17;1.0;1;0.01985423473234481;0.5;0.16666666666666666;0.05684821399990475;1
18;0.5;1;0.34656948982156316;0.0;0.0;0.025374310111545468;2
19;1.0;0;0.38426740387031916;0.125;0.0;0.03513366015444757;2
20;1.0;0;0.34656948982156316;0.0;0.0;0.014102260811993537;0
21;0.5;1;0.4345312892686604;0.0;0.0;0.050748620223090936;2
22;0.5;1;0.4219653179190751;0.0;0.0;0.025374310111545468;2
23;1.0;0;0.18321186227695402;0.0;0.0;0.015671954672893913;1
24;0.0;1;0.34656948982156316;0.0;0.0;0.06929138530460494;2
25;1.0;0;0.09525006282985675;0.375;0.16666666666666666;0.04113566043083236;2
26;1.0;0;0.4722292033174164;0.125;0.8333333333333333;0.06126431989431795;2
27;1.0;1;0.34656948982156316;0.0;0.0;0.014102260811993537;0
28;0.0;1;0.2334757476752953;0.375;0.3333333333333333;0.5133418122566507;2
29;1.0;0;0.34656948982156316;0.0;0.0;0.01537917417160685;1
30;1.0;1;0.34656948982156316;0.0;0.0;0.015411575213749286;2
31;0.0;1;0.49736114601658704;0.0;0.0;0.05410739813385612;0
32;0.0;0;0.34656948982156316;0.125;0.0;0.2859895551532101;0
33;1.0;0;0.34656948982156316;0.0;0.0;0.015126992566498259;1
34;0.5;1;0.8240764011058055;0.0;0.0;0.020494635090094415;2
35;0.0;1;0.34656948982156316;0.125;0.0;0.16038672010106003;0
36;0.0;1;0.5224930887157577;0.125;0.0;0.10149724044618187;2
37;1.0;1;0.34656948982156316;0.0;0.0;0.014110458666029575;0
38;1.0;1;0.2586076903744659;0.0;0.0;0.015712553569072387;2
39;1.0;0;0.22090977632571;0.25;0.0;0.03513366015444757;2
40;1.0;0;0.17064589092736868;0.125;0.0;0.021942337075458514;0
41;1.0;0;0.49736114601658704;0.125;0.0;0.018493968331299484;2
42;0.5;0;0.33400351847197784;0.125;0.0;0.04098927018018883;2
43;1.0;1;0.34656948982156316;0.0;0.0;0.015411575213749286;0
44;0.5;0;0.032420206081930136;0.125;0.3333333333333333;0.08115719346076702;0
45;1.0;0;0.2334757476752953;0.0;0.0;0.01537917417160685;1
46;1.0;1;0.34656948982156316;0.0;0.0;0.015712553569072387;2
47;1.0;1;0.34656948982156316;0.125;0.0;0.030253985132996517;1
48;1.0;0;0.34656948982156316;0.0;0.0;0.015126992566498259;1
49;1.0;1;0.34656948982156316;0.25;0.0;0.04231498029001666;0
50;1.0;0;0.22090977632571;0.125;0.0;0.034743286152731485;2
51;1.0;1;0.08268409148027142;0.5;0.16666666666666666;0.07746484096553544;2
52;1.0;1;0.2586076903744659;0.0;0.0;0.01522458606692728;2
53;0.0;0;0.610454888162855;0.125;0.0;0.1497654242623688;0
54;0.5;0;0.35913546117114853;0.125;0.0;0.050748620223090936;2
55;0.0;1;0.8115104297562202;0.0;0.16666666666666666;0.1209753416358076;0
56;0.0;1;0.34656948982156316;0.0;0.0;0.06929138530460494;2
57;0.5;0;0.2586076903744659;0.0;0.0;0.020494635090094415;2
58;1.0;1;0.35285247549635584;0.0;0.0;0.014110458666029575;0
59;0.5;0;0.05755214878110078;0.125;0.3333333333333333;0.05416439273810667;2
60;1.0;1;0.1329479768786127;0.625;0.3333333333333333;0.09154270340242172;2
61;1.0;1;0.2711736617240512;0.0;0.0;0.014110458666029575;0
62;0.0;0;0.4722292033174164;0.0;0.0;0.15614960068643363;2
63;0.0;1;0.5601910027645137;0.125;0.0;0.16293234896625058;2
64;1.0;1;0.04498617743151546;0.375;0.3333333333333333;0.05445717323939373;2
65;0.0;1;0.34656948982156316;0.0;0.0;0.05410739813385612;0
66;1.0;1;0.34656948982156316;0.125;0.16666666666666666;0.029757819776815374;0
67;0.5;0;0.35913546117114853;0.0;0.0;0.020494635090094415;2
68;1.0;1;0.2334757476752953;0.0;0.0;0.015923941091001644;2
69;1.0;0;0.20834380497612465;0.5;0.3333333333333333;0.015468569817999833;2
70;1.0;1;0.32143754712239253;0.25;0.0;0.016908073949327893;2
71;0.5;1;0.39683337521990447;0.0;0.0;0.020494635090094415;2
72;1.0;0;0.19577783362653933;0.625;0.3333333333333333;0.09154270340242172;2
73;0.5;1;0.2586076903744659;0.0;0.0;0.1434624456306609;2
74;1.0;1;0.32143754712239253;0.125;0.0;0.028212719478023115;0
75;1.0;1;0.39683337521990447;0.0;0.0;0.11027245763075773;2
76;1.0;1;0.3088715757728072;0.0;0.0;0.014931805565640218;2
77;1.0;1;0.34656948982156316;0.0;0.0;0.015411575213749286;2
78;1.0;1;0.34656948982156316;0.0;0.0;0.015712553569072387;2
79;0.5;1;0.005152048253329982;0.0;0.3333333333333333;0.056604230248832196;2
80;1.0;0;0.37170143252073384;0.0;0.0;0.024349578357040744;2
81;1.0;1;0.2711736617240512;0.0;0.0;0.017566830077223785;2
82;1.0;1;0.35913546117114853;0.0;0.0;0.018542765081513996;2
83;1.0;0;0.34656948982156316;0.0;0.0;0.015200187691820024;1
84;0.0;1;0.34656948982156316;0.0;0.0;0.09193307740413781;2
85;0.5;0;0.20834380497612465;0.0;0.0;0.020494635090094415;2
86;1.0;0;0.4093993465694898;0.375;0.0;0.030937139635999665;2
87;1.0;1;0.19577783362653933;0.125;0.5;0.06709553154495196;2
88;1.0;1;0.34656948982156316;0.0;0.0;0.015712553569072387;2
89;0.0;0;0.2837396330736366;0.375;0.3333333333333333;0.5133418122566507;2
90;1.0;1;0.2963056044232219;0.0;0.0;0.015712553569072387;2
91;1.0;1;0.35913546117114853;0.0;0.0;0.015712553569072387;2
92;1.0;1;0.24604171902488062;0.0;0.0;0.015330377421392339;2
93;0.0;1;0.5727569741140991;0.125;0.0;0.11940564777490723;2
94;1.0;1;0.32143754712239253;0.125;0.3333333333333333;0.04015972542654215;2
95;1.0;1;0.7361146016587082;0.0;0.0;0.014151057562208049;2
96;1.0;1;0.34656948982156316;0.0;0.0;0.015712553569072387;2
97;0.0;1;0.8869062578537321;0.0;0.0;0.06764049365134761;0
98;0.0;1;0.2837396330736366;0.0;0.16666666666666666;0.12366716556464086;0
99;0.5;0;0.4219653179190751;0.0;0.16666666666666666;0.044893010197349675;2
100;0.5;1;0.4219653179190751;0.125;0.0;0.050748620223090936;2
101;1.0;0;0.34656948982156316;0.0;0.0;0.015411575213749286;2
102;1.0;1;0.34656948982156316;0.0;0.0;0.015411575213749286;2
103;0.0;1;0.2586076903744659;0.0;0.16666666666666666;0.15085515328815924;2
104;1.0;1;0.4093993465694898;0.0;0.0;0.016891873428256675;2
105;1.0;1;0.4596632319678311;0.25;0.0;0.015468569817999833;2
106;1.0;1;0.34656948982156316;0.0;0.0;0.015411575213749286;2
107;1.0;0;0.2586076903744659;0.0;0.0;0.014931805565640218;2
108;1.0;1;0.34656948982156316;0.0;0.0;0.015175789316712771;2
109;1.0;1;0.4722292033174164;0.0;0.0;0.015411575213749286;2
110;1.0;0;0.34656948982156316;0.125;0.0;0.04713766070721715;1
111;0.0;1;0.5853229454636844;0.0;0.0;0.10149724044618187;2
112;1.0;0;0.17692887660216136;0.125;0.0;0.028212719478023115;0
113;1.0;1;0.2711736617240512;0.0;0.0;0.015712553569072387;2
114;1.0;0;0.24604171902488062;0.125;0.0;0.019177122834302632;2
115;1.0;0;0.20834380497612465;0.0;0.0;0.028220722145058292;0
116;1.0;1;0.2586076903744659;0.0;0.0;0.015468569817999833;2
117;1.0;1;0.8806232721789394;0.0;0.0;0.015126992566498259;1
118;0.5;1;0.35913546117114853;0.125;0.0;0.04098927018018883;2
119;0.0;1;0.2963056044232219;0.0;0.16666666666666666;0.4831284260198326;0
120;1.0;0;0.01985423473234481;0.5;0.3333333333333333;0.06104473451835265;2
121;0.5;1;0.2586076903744659;0.25;0.0;0.1434624456306609;2
122;1.0;1;0.34656948982156316;0.0;0.0;0.015712553569072387;2
123;0.5;1;0.40311636089469716;0.125;0.0;0.058694292654020104;0
124;0.5;0;0.40311636089469716;0.0;0.0;0.025374310111545468;2
125;0.0;1;0.6732847449107816;0.0;0.16666666666666666;0.15085515328815924;2
126;1.0;1;0.14551394822819805;0.125;0.0;0.021942337075458514;0
127;1.0;1;0.34656948982156316;0.0;0.0;0.015126992566498259;1
128;1.0;1;0.2963056044232219;0.0;0.0;0.01393967004027879;2
129;1.0;0;0.34656948982156316;0.125;0.16666666666666666;0.04364049521284362;0
130;1.0;1;0.5601910027645137;0.0;0.0;0.013614293309848433;2
131;1.0;1;0.4093993465694898;0.0;0.0;0.015411575213749286;0
132;1.0;1;0.24604171902488062;0.0;0.0;0.013760683560491965;2
133;1.0;0;0.5853229454636844;0.125;0.0;0.028302115124416098;2
134;0.5;0;0.35913546117114853;0.125;0.0;0.050748620223090936;2
135;0.5;1;0.3088715757728072;0.0;0.0;0.025374310111545468;2
136;0.5;1;0.2837396330736366;0.0;0.0;0.02936744577509929;0
137;0.0;0;0.2334757476752953;0.0;0.3333333333333333;0.051301584996521765;2
138;0.0;1;0.4596632319678311;0.125;0.0;0.10364429745562033;2
139;1.0;1;0.19577783362653933;0.0;0.0;0.01798980030808316;2
140;0.0;1;0.2963056044232219;0.0;0.0;0.15458810467956932;0
141;1.0;0;0.34656948982156316;0.0;0.3333333333333333;0.029757819776815374;0
142;1.0;0;0.2711736617240512;0.0;0.0;0.015126992566498259;2
143;1.0;0;0.2963056044232219;0.125;0.0;0.030937139635999665;2
144;1.0;1;0.2334757476752953;0.0;0.0;0.013175122557917838;1
145;0.5;1;0.22090977632571;0.0;0.0;0.022446505098674838;2
146;0.5;1;0.2334757476752953;0.125;0.16666666666666666;0.07173122281533045;2
147;1.0;1;0.33400351847197784;0.0;0.0;0.015216388212891242;2
148;1.0;0;0.10781603417944208;0.25;0.3333333333333333;0.06709553154495196;2
149;0.5;1;0.4533802462930384;0.0;0.3333333333333333;0.050748620223090936;2
150;0.5;1;0.5224930887157577;0.0;0.0;0.025374310111545468;2
151;0.5;1;0.6355868308620256;0.0;0.0;0.02444717185746977;2
152;0.0;0;0.2711736617240512;0.125;0.0;0.12999454257145598;2
153;1.0;1;0.6921337019351597;0.0;0.0;0.015712553569072387;2
154;1.0;1;0.5036441316913798;0.0;0.3333333333333333;0.028302115124416098;2
155;1.0;1;0.34656948982156316;0.0;0.0;0.014273049437744325;2
156;0.0;1;0.6355868308620256;0.0;0.16666666666666666;0.11980421963065935;0
157;1.0;0;0.19577783362653933;0.0;0.0;0.015094396337354966;1
158;1.0;1;0.37170143252073384;0.0;0.0;0.015712553569072387;2
159;1.0;1;0.34656948982156316;0.0;0.0;0.016908073949327893;2
160;1.0;1;0.34656948982156316;1.0;0.3333333333333333;0.13575255909676825;2
161;1.0;1;0.5476250314149284;0.0;0.16666666666666666;0.031425107138144774;2
162;0.5;0;0.49736114601658704;0.0;0.0;0.030741952635141623;2
163;1.0;1;0.32143754712239253;0.0;0.0;0.015175789316712771;2
164;1.0;1;0.20834380497612465;0.0;0.0;0.016908073949327893;2
165;1.0;1;0.007288263382759488;0.5;0.16666666666666666;0.07746484096553544;2
166;1.0;1;0.10781603417944208;0.0;0.3333333333333333;0.04006213192611313;2
167;0.0;0;0.34656948982156316;0.0;0.16666666666666666;0.10735285047192313;2
168;1.0;0;0.5601910027645137;0.125;0.6666666666666666;0.05445717323939373;2
169;0.0;1;0.34656948982156316;0.0;0.0;0.050602229972447406;2
170;1.0;1;0.34656948982156316;0.0;0.0;0.11027245763075773;2
171;0.0;1;0.7612465443578789;0.0;0.0;0.06538764528744409;2
172;1.0;1;0.04498617743151546;0.5;0.16666666666666666;0.05684821399990475;1
173;1.0;0;0.007288263382759488;0.125;0.16666666666666666;0.021730754366528396;2
174;1.0;1;0.2586076903744659;0.0;0.0;0.015468569817999833;2
175;0.0;1;0.6984166876099522;0.0;0.0;0.05991421140938287;0
176;1.0;1;0.22090977632571;0.125;0.16666666666666666;0.015330377421392339;2
177;1.0;1;0.34656948982156316;0.375;0.16666666666666666;0.049707687947515;2
178;0.0;0;0.6230208595124404;0.0;0.0;0.05604306762136532;0
179;0.5;1;0.37170143252073384;0.0;0.0;0.025374310111545468;2
180;1.0;1;0.4470972606182458;0.0;0.0;0.0;2
181;1.0;0;0.34656948982156316;1.0;0.3333333333333333;0.13575255909676825;2
182;0.5;1;0.34656948982156316;0.0;0.0;0.02937564362913533;0
183;1.0;1;0.10781603417944208;0.5;0.3333333333333333;0.06126431989431795;2
184;0.5;1;0.007288263382759488;0.25;0.16666666666666666;0.07612293033463641;2
185;1.0;0;0.04498617743151546;0.0;0.3333333333333333;0.04298993693898376;2
186;0.0;1;0.34656948982156316;0.0;0.0;0.09759350042902103;2
187;1.0;0;0.34656948982156316;0.125;0.0;0.030253985132996517;1
188;0.0;1;0.5601910027645137;0.0;0.0;0.051822148727810165;2
189;1.0;1;0.49736114601658704;0.125;0.16666666666666666;0.030253985132996517;1
190;1.0;1;0.4470972606182458;0.0;0.0;0.015411575213749286;2
191;0.5;0;0.39683337521990447;0.0;0.0;0.025374310111545468;2
192;0.5;1;0.2334757476752953;0.0;0.0;0.025374310111545468;2
193;1.0;0;0.2334757476752953;0.125;0.0;0.015330377421392339;2
194;0.5;1;0.032420206081930136;0.125;0.16666666666666666;0.050748620223090936;2
195;0.0;0;0.5476250314149284;0.0;0.0;0.05410739813385612;0
196;0.0;0;0.723548630309123;0.0;0.0;0.2859895551532101;0
197;1.0;1;0.34656948982156316;0.0;0.0;0.015126992566498259;1
198;1.0;1;0.5224930887157577;0.0;0.16666666666666666;0.01640390592611157;2
199;1.0;0;0.34656948982156316;0.0;0.0;0.015126992566498259;1
200;0.5;0;0.2963056044232219;0.0;0.0;0.025374310111545468;2
201;1.0;1;0.34656948982156316;0.0;0.0;0.018542765081513996;2
202;1.0;1;0.34656948982156316;1.0;0.3333333333333333;0.13575255909676825;2
203;1.0;1;0.4219653179190751;0.0;0.0;0.012678957201736696;2
204;1.0;1;0.5664739884393064;0.0;0.0;0.014102260811993537;0
205;1.0;1;0.22090977632571;0.0;0.0;0.015712553569072387;2
206;1.0;0;0.01985423473234481;0.0;0.16666666666666666;0.02042143996477265;2
207;1.0;1;0.39683337521990447;0.125;0.0;0.030937139635999665;2
208;1.0;1;0.32143754712239253;0.0;0.0;0.036670757786204655;0
209;1.0;0;0.19577783362653933;0.0;0.0;0.015126992566498259;1
210;0.0;1;0.49736114601658704;0.0;0.0;0.060507970265993034;0
211;1.0;1;0.2963056044232219;0.0;0.0;0.013760683560491965;2
212;0.5;0;0.4345312892686604;0.0;0.0;0.04098927018018883;2
213;1.0;1;0.2711736617240512;0.0;0.0;0.014151057562208049;2
214;0.5;1;0.37170143252073384;0.0;0.0;0.025374310111545468;2
215;1.0;1;0.34656948982156316;0.125;0.0;0.015126992566498259;1
216;0.0;0;0.38426740387031916;0.125;0.0;0.22109807522194713;0
217;1.0;0;0.33400351847197784;0.0;0.0;0.015468569817999833;2
218;0.5;1;0.5224930887157577;0.125;0.0;0.05270049023167135;2
219;0.0;0;0.39683337521990447;0.0;0.0;0.14891148113361488;0
220;0.5;1;0.37170143252073384;0.0;0.0;0.020494635090094415;2
221;1.0;1;0.19577783362653933;0.0;0.0;0.015712553569072387;2
222;0.5;1;0.33400351847197784;0.0;0.0;0.025374310111545468;2
223;1.0;1;0.6355868308620256;0.0;0.0;0.015712553569072387;2
224;1.0;1;0.34656948982156316;0.0;0.0;0.015411575213749286;2
225;0.0;1;0.4722292033174164;0.125;0.0;0.17566830077223786;2
226;1.0;1;0.2711736617240512;0.0;0.0;0.018249984580226933;2
227;0.5;1;0.2334757476752953;0.0;0.0;0.020494635090094415;2
228;1.0;1;0.2523247046996733;0.0;0.0;0.014151057562208049;2
229;0.5;1;0.22090977632571;0.0;0.0;0.025374310111545468;2
230;1.0;0;0.34656948982156316;0.375;0.16666666666666666;0.049707687947515;2
231;0.0;0;0.4345312892686604;0.125;0.0;0.16293234896625058;2
232;1.0;1;0.35913546117114853;0.0;0.0;0.015175789316712771;2
233;0.5;1;0.7361146016587082;0.0;0.0;0.026350245115835676;2
234;1.0;0;0.05755214878110078;0.5;0.3333333333333333;0.06126431989431795;2
235;0.5;1;0.2963056044232219;0.0;0.0;0.020494635090094415;2
236;1.0;0;0.34656948982156316;0.0;0.0;0.014736618564782174;2
237;0.5;1;0.5476250314149284;0.125;0.0;0.050748620223090936;2
238;0.5;0;0.09525006282985675;0.0;0.3333333333333333;0.05123658772523604;2
239;0.5;1;0.2334757476752953;0.0;0.0;0.020494635090094415;2
240;0.5;1;0.4093993465694898;0.0;0.0;0.023959204355324663;2
241;1.0;0;0.34656948982156316;0.125;0.0;0.028212719478023115;0
242;1.0;0;0.34656948982156316;0.125;0.0;0.030253985132996517;1
243;0.5;1;0.35913546117114853;0.0;0.0;0.020494635090094415;2
244;1.0;1;0.2711736617240512;0.0;0.0;0.013907073811135496;2
245;1.0;1;0.37170143252073384;0.0;0.0;0.014102260811993537;0
246;0.0;1;0.5476250314149284;0.25;0.0;0.17566830077223786;1
247;1.0;0;0.3088715757728072;0.0;0.0;0.015175789316712771;2
248;0.5;0;0.2963056044232219;0.0;0.3333333333333333;0.028302115124416098;2
249;0.0;1;0.4596632319678311;0.125;0.16666666666666666;0.10257896680493714;2
250;0.5;1;0.6732847449107816;0.125;0.0;0.050748620223090936;2
251;1.0;1;0.34656948982156316;0.0;0.0;0.014151057562208049;2
252;1.0;0;0.35913546117114853;0.125;0.16666666666666666;0.02042143996477265;2
253;0.0;1;0.7738125157074642;0.0;0.0;0.051822148727810165;2
254;1.0;1;0.37170143252073384;0.125;0.0;0.031425107138144774;2
255;1.0;0;0.5099271173661725;0.0;0.3333333333333333;0.039452172548431745;2
256;1.0;0;0.35913546117114853;0.0;0.3333333333333333;0.029757819776815374;0
257;0.0;0;0.34656948982156316;0.0;0.0;0.15458810467956932;0
258;0.0;0;0.37170143252073384;0.0;0.0;0.16883675574220638;2
259;0.0;0;0.4345312892686604;0.0;0.0;1.0;0
260;0.5;0;0.6230208595124404;0.0;0.16666666666666666;0.050748620223090936;2
261;1.0;1;0.34656948982156316;0.0;0.0;0.015126992566498259;1
262;1.0;1;0.032420206081930136;0.5;0.3333333333333333;0.06126431989431795;2
263;0.0;1;0.648152802211611;0.125;0.16666666666666666;0.1554664461834305;2
264;0.0;1;0.49736114601658704;0.0;0.0;0.0;2
265;1.0;0;0.34656948982156316;0.0;0.0;0.015126992566498259;1
266;0.5;1;0.4470972606182458;0.0;0.0;0.020494635090094415;2
267;1.0;1;0.19577783362653933;0.5;0.16666666666666666;0.07746484096553544;2
268;1.0;1;0.3088715757728072;0.125;0.0;0.015175789316712771;2
269;0.0;0;0.723548630309123;0.0;0.16666666666666666;0.2995388511917728;2
270;0.0;0;0.4345312892686604;0.0;0.0;0.2647385704347907;2
271;0.0;1;0.34656948982156316;0.0;0.0;0.060507970265993034;2
272;1.0;1;0.3088715757728072;0.0;0.0;0.0;2
273;0.5;0;0.5099271173661725;0.0;0.16666666666666666;0.038061465167318204;2
274;0.0;1;0.4596632319678311;0.0;0.16666666666666666;0.057970539254838485;0
275;1.0;0;0.34656948982156316;0.0;0.0;0.015126992566498259;1
276;0.0;0;0.7863784870570495;0.125;0.0;0.15216446768991498;2
277;1.0;0;0.5601910027645137;0.0;0.0;0.015126992566498259;2
278;0.5;1;0.34656948982156316;0.0;0.0;0.0;2
279;1.0;1;0.08268409148027142;0.5;0.16666666666666666;0.05684821399990475;1
280;1.0;0;0.4345312892686604;0.125;0.16666666666666666;0.03952536767375352;2
281;1.0;1;0.8115104297562202;0.0;0.0;0.015126992566498259;1
282;1.0;1;0.34656948982156316;0.0;0.0;0.015330377421392339;2
283;1.0;1;0.19577783362653933;0.0;0.0;0.018542765081513996;2
284;1.0;1;0.2334757476752953;0.0;0.0;0.015712553569072387;2
285;0.0;1;0.34656948982156316;0.0;0.0;0.050748620223090936;2
286;1.0;1;0.4093993465694898;0.0;0.0;0.016908073949327893;0
287;1.0;1;0.37170143252073384;0.0;0.0;0.018542765081513996;2
288;1.0;1;0.2711736617240512;0.0;0.0;0.015411575213749286;2
289;0.5;1;0.5224930887157577;0.0;0.0;0.025374310111545468;2
290;1.0;0;0.2711736617240512;0.0;0.0;0.015126992566498259;1
291;0.0;0;0.32143754712239253;0.0;0.0;0.15390495017656614;2
292;0.0;0;0.2334757476752953;0.125;0.0;0.17777475888549785;0
293;0.5;1;0.4470972606182458;0.0;0.0;0.025130326360472913;0
294;1.0;0;0.2963056044232219;0.0;0.0;0.01727404957593672;2
295;1.0;1;0.2963056044232219;0.0;0.0;0.015411575213749286;2
296;0.0;1;0.34656948982156316;0.0;0.0;0.05410739813385612;0
297;1.0;1;0.2900226187484292;0.0;0.0;0.014110458666029575;0
298;0.0;0;0.01985423473234481;0.125;0.3333333333333333;0.29580589980036276;2
299;0.0;1;0.34656948982156316;0.0;0.0;0.05953203526170282;2
300;0.0;0;0.6230208595124404;0.0;0.16666666666666666;0.4831284260198326;0
301;1.0;0;0.34656948982156316;0.0;0.0;0.015126992566498259;1
302;1.0;1;0.34656948982156316;0.25;0.0;0.04538097769949478;1
303;1.0;1;0.2334757476752953;0.0;0.0;0.0;2
304;0.5;0;0.34656948982156316;0.0;0.0;0.024105594605968193;1
305;1.0;1;0.34656948982156316;0.0;0.0;0.015712553569072387;2
306;0.0;1;0.006282985674792663;0.125;0.3333333333333333;0.29580589980036276;2
307;0.0;0;0.34656948982156316;0.0;0.0;0.21642978772242535;0
308;0.0;0;0.20834380497612465;0.125;0.0;0.2125586439344078;0
309;0.5;1;0.37170143252073384;0.125;0.0;0.04684488020593009;0
310;0.0;0;0.37170143252073384;0.0;0.0;0.11111839809247648;0
311;0.0;0;0.2963056044232219;0.0;0.0;0.16231419173453318;0
312;0.0;0;0.22090977632571;0.25;0.3333333333333333;0.5121218935012878;0
313;0.5;0;0.32143754712239253;0.125;0.16666666666666666;0.050748620223090936;2
314;1.0;1;0.34656948982156316;0.0;0.0;0.015411575213749286;2
315;0.5;1;0.5350590600653431;0.125;0.16666666666666666;0.05123658772523604;2
316;1.0;0;0.32143754712239253;0.0;0.0;0.015330377421392339;2
317;0.5;0;0.2963056044232219;0.125;0.0;0.050748620223090936;2
318;0.5;1;0.6732847449107816;0.0;0.0;0.027326180120125887;2
319;0.0;0;0.38426740387031916;0.0;0.3333333333333333;0.32179836714362564;2
320;0.0;0;0.49736114601658704;0.125;0.16666666666666666;0.2625265161540666;0
321;1.0;1;0.2711736617240512;0.0;0.0;0.014151057562208049;2
322;1.0;1;0.33400351847197784;0.0;0.0;0.015411575213749286;2
323;0.5;0;0.37170143252073384;0.0;0.0;0.024105594605968193;1
324;0.5;0;0.2711736617240512;0.125;0.16666666666666666;0.056604230248832196;2
325;1.0;1;0.34656948982156316;1.0;0.3333333333333333;0.13575255909676825;2
326;0.0;0;0.4470972606182458;0.0;0.0;0.2647385704347907;0
327;1.0;1;0.7612465443578789;0.0;0.0;0.012174789178520372;2
328;0.5;0;0.4470972606182458;0.0;0.0;0.025374310111545468;2
329;1.0;0;0.38426740387031916;0.125;0.16666666666666666;0.04006213192611313;2
330;0.0;0;0.19577783362653933;0.0;0.16666666666666666;0.11316786160148591;0
331;1.0;0;0.34656948982156316;0.25;0.0;0.04538097769949478;1
332;0.0;1;0.5664739884393064;0.0;0.0;0.055628295244541985;2
333;0.0;1;0.4722292033174164;0.0;0.16666666666666666;0.2995388511917728;2
334;1.0;1;0.19577783362653933;0.25;0.0;0.03513366015444757;2
335;0.0;0;0.34656948982156316;0.125;0.0;0.2608674266467732;2
336;1.0;1;0.34656948982156316;0.0;0.0;0.015411575213749286;2
337;0.0;1;0.35913546117114853;0.125;0.0;0.12999454257145598;2
338;0.0;0;0.5099271173661725;0.0;0.0;0.2625265161540666;0
339;1.0;1;0.5601910027645137;0.0;0.0;0.015712553569072387;2
340;0.0;1;0.5601910027645137;0.0;0.0;0.06929138530460494;2
341;0.5;1;0.01985423473234481;0.125;0.16666666666666666;0.050748620223090936;2
342;0.0;0;0.2963056044232219;0.375;0.3333333333333333;0.5133418122566507;2
343;0.5;1;0.34656948982156316;0.0;0.0;0.025374310111545468;2
344;0.5;1;0.3088715757728072;0.0;0.0;0.025374310111545468;2
345;0.5;1;0.4470972606182458;0.0;0.0;0.025374310111545468;2
346;0.5;0;0.2963056044232219;0.0;0.0;0.025374310111545468;2
347;0.5;0;0.49736114601658704;0.0;0.0;0.025374310111545468;2
348;1.0;0;0.34656948982156316;0.125;0.0;0.031425107138144774;2
349;1.0;1;0.032420206081930136;0.125;0.16666666666666666;0.031034733136428686;2
350;1.0;1;0.5224930887157577;0.0;0.0;0.016908073949327893;2
351;1.0;1;0.2837396330736366;0.0;0.0;0.01800600082915438;2
352;0.0;1;0.34656948982156316;0.0;0.0;0.06831545030031472;2
353;1.0;1;0.18321186227695402;0.125;0.16666666666666666;0.014110458666029575;0
354;1.0;1;0.3088715757728072;0.125;0.0;0.034743286152731485;2
355;1.0;1;0.34656948982156316;0.0;0.0;0.014102260811993537;0
356;1.0;1;0.34656948982156316;0.0;0.0;0.018542765081513996;2
357;0.0;0;0.2711736617240512;0.0;0.16666666666666666;0.10735285047192313;2
358;0.5;0;0.4722292033174164;0.0;0.0;0.025374310111545468;2
359;1.0;0;0.34656948982156316;0.0;0.0;0.01537917417160685;1
360;1.0;0;0.34656948982156316;0.0;0.0;0.01537917417160685;1
361;1.0;1;0.49736114601658704;0.125;0.6666666666666666;0.05445717323939373;2
362;0.5;1;0.35913546117114853;0.125;0.0;0.05410739813385612;0
363;1.0;0;0.5601910027645137;0.0;0.16666666666666666;0.028212719478023115;0
364;1.0;1;0.4345312892686604;0.0;0.0;0.013760683560491965;2
365;1.0;1;0.34656948982156316;0.125;0.0;0.030253985132996517;1
366;1.0;1;0.37170143252073384;0.0;0.0;0.014151057562208049;2
367;0.0;0;0.7486805730082936;0.125;0.0;0.14687821814567664;0
368;1.0;0;0.34656948982156316;0.0;0.0;0.014110458666029575;0
369;1.0;0;0.34656948982156316;0.0;0.0;0.015126992566498259;1
370;0.0;0;0.2963056044232219;0.0;0.0;0.13526459159462315;0
371;0.0;1;0.3088715757728072;0.125;0.0;0.1082149914547131;0
372;1.0;1;0.22090977632571;0.125;0.0;0.012678957201736696;2
373;1.0;1;0.2334757476752953;0.0;0.0;0.015712553569072387;2
374;0.0;1;0.2711736617240512;0.0;0.0;0.2647385704347907;0
375;1.0;0;0.032420206081930136;0.375;0.16666666666666666;0.04113566043083236;2
376;0.0;0;0.34656948982156316;0.125;0.0;0.16038672010106003;0
377;1.0;0;0.2711736617240512;0.0;0.0;0.014151057562208049;2
378;0.0;1;0.33400351847197784;0.0;0.3333333333333333;0.41282050681475896;0
379;1.0;1;0.24604171902488062;0.0;0.0;0.007831878409428937;0
380;1.0;1;0.2334757476752953;0.0;0.0;0.015175789316712771;2
381;0.0;0;0.5224930887157577;0.0;0.0;0.4440992237022602;0
382;1.0;0;0.007288263382759488;0.0;0.3333333333333333;0.030725752114070404;0
383;1.0;1;0.39683337521990447;0.0;0.0;0.015468569817999833;2
384;0.0;0;0.4345312892686604;0.125;0.0;0.10149724044618187;2
385;1.0;1;0.34656948982156316;0.0;0.0;0.015411575213749286;2
386;0.5;1;0.22090977632571;0.0;0.0;0.1434624456306609;2
387;1.0;1;0.007288263382759488;0.625;0.3333333333333333;0.09154270340242172;2
388;0.5;0;0.4470972606182458;0.0;0.0;0.025374310111545468;2
389;1.0;1;0.34656948982156316;0.0;0.0;0.015086393670319786;1
390;0.5;0;0.20834380497612465;0.0;0.0;0.023422440102965045;0
391;0.0;1;0.4470972606182458;0.125;0.3333333333333333;0.23422440102965048;2
392;1.0;1;0.2586076903744659;0.0;0.0;0.015216388212891242;2
393;1.0;1;0.34656948982156316;0.25;0.0;0.015468569817999833;2
394;0.0;0;0.2837396330736366;0.125;0.0;0.22109807522194713;0
395;1.0;0;0.2963056044232219;0.0;0.3333333333333333;0.03259622914329302;2
396;1.0;1;0.2711736617240512;0.0;0.0;0.015216388212891242;2
397;1.0;0;0.38426740387031916;0.0;0.0;0.015330377421392339;2
398;0.5;1;0.5727569741140991;0.0;0.0;0.050748620223090936;2
399;0.5;1;0.2837396330736366;0.0;0.0;0.020494635090094415;2
400;0.5;0;0.34656948982156316;0.0;0.0;0.02469115560854232;2
401;1.0;1;0.4847951746670017;0.0;0.0;0.015468569817999833;2
402;1.0;1;0.32143754712239253;0.0;0.0;0.015712553569072387;2
403;1.0;0;0.2586076903744659;0.125;0.0;0.019177122834302632;2
404;1.0;1;0.34656948982156316;0.125;0.0;0.030937139635999665;2
405;1.0;0;0.24604171902488062;0.0;0.0;0.016908073949327893;2
406;0.5;1;0.4219653179190751;0.125;0.0;0.04098927018018883;2
407;1.0;1;0.6355868308620256;0.0;0.0;0.015126992566498259;2
408;0.5;1;0.032420206081930136;0.125;0.16666666666666666;0.03659756266088288;2
409;1.0;1;0.2586076903744659;0.0;0.0;0.015175789316712771;2
410;1.0;0;0.34656948982156316;0.375;0.16666666666666666;0.049707687947515;2
411;1.0;1;0.34656948982156316;0.0;0.0;0.015411575213749286;2
412;1.0;1;0.34656948982156316;0.0;0.0;0.013386510079847098;1
413;0.0;0;0.4093993465694898;0.125;0.0;0.17566830077223786;1
414;0.5;1;0.34656948982156316;0.0;0.0;0.0;2
415;1.0;1;0.5476250314149284;0.0;0.0;0.015468569817999833;2
416;1.0;0;0.34656948982156316;0.0;0.0;0.015712553569072387;2
417;0.5;0;0.4219653179190751;0.125;0.16666666666666666;0.06343577527886367;2
418;0.5;0;0.22090977632571;0.0;0.3333333333333333;0.025374310111545468;2
419;0.5;1;0.37170143252073384;0.0;0.0;0.025374310111545468;2
420;1.0;0;0.12038200552902739;0.0;0.3333333333333333;0.04713766070721715;2
421;1.0;1;0.34656948982156316;0.0;0.0;0.015411575213749286;0
422;1.0;1;0.2586076903744659;0.0;0.0;0.015094396337354966;1
423;1.0;1;0.35913546117114853;0.0;0.0;0.015370976317570811;2
424;1.0;0;0.34656948982156316;0.125;0.16666666666666666;0.028106928123558056;2
425;1.0;1;0.22090977632571;0.125;0.16666666666666666;0.039452172548431745;2
426;1.0;1;0.34656948982156316;0.0;0.0;0.014151057562208049;2
427;0.5;0;0.34656948982156316;0.125;0.0;0.050748620223090936;2
428;0.5;0;0.2334757476752953;0.0;0.0;0.050748620223090936;2
429;1.0;1;0.34656948982156316;0.0;0.0;0.015126992566498259;1
430;1.0;1;0.39683337521990447;0.0;0.0;0.015712553569072387;2
431;0.0;1;0.34656948982156316;0.0;0.0;0.051822148727810165;2
432;1.0;0;0.34656948982156316;0.125;0.0;0.031425107138144774;2
433;0.5;0;0.5224930887157577;0.125;0.0;0.050748620223090936;2
434;1.0;1;0.20834380497612465;0.0;0.0;0.013907073811135496;2
435;0.0;1;0.6230208595124404;0.125;0.0;0.1091095334796455;2
436;0.0;0;0.17064589092736868;0.125;0.3333333333333333;0.23422440102965048;2
437;1.0;0;0.2586076903744659;0.25;0.3333333333333333;0.06709553154495196;2
438;0.5;0;0.2963056044232219;0.25;0.5;0.03659756266088288;2
439;0.0;1;0.7989444584066349;0.125;0.6666666666666666;0.5133418122566507;2
440;0.5;1;0.38426740387031916;0.0;0.0;0.020494635090094415;2
441;0.5;0;0.5601910027645137;0.125;0.16666666666666666;0.05123658772523604;2
442;1.0;1;0.24604171902488062;0.0;0.0;0.018542765081513996;2
443;1.0;1;0.3088715757728072;0.125;0.0;0.015175789316712771;2
444;0.5;0;0.34656948982156316;0.0;0.0;0.025374310111545468;2
445;1.0;1;0.34656948982156316;0.0;0.0;0.015834545444608664;2
446;0.0;1;0.04498617743151546;0.0;0.3333333333333333;0.15977676072337862;2
447;0.5;0;0.15807991957778336;0.0;0.16666666666666666;0.038061465167318204;2
448;0.0;1;0.4219653179190751;0.0;0.0;0.051822148727810165;2
449;1.0;0;0.05755214878110078;0.25;0.16666666666666666;0.03758969818624431;0
450;0.0;1;0.648152802211611;0.0;0.0;0.05953203526170282;2
451;0.5;1;0.4470972606182458;0.125;0.3333333333333333;0.05416439273810667;2
452;1.0;1;0.34656948982156316;0.125;0.0;0.03897240290032268;2
453;0.0;1;0.37170143252073384;0.0;0.0;0.05416439273810667;0
454;0.0;1;0.610454888162855;0.125;0.0;0.17391981561855152;0
455;1.0;1;0.34656948982156316;0.0;0.0;0.015712553569072387;2
456;1.0;1;0.35913546117114853;0.0;0.0;0.015411575213749286;0
457;0.0;1;0.8115104297562202;0.0;0.0;0.051822148727810165;2
458;0.0;0;0.34656948982156316;0.125;0.0;0.10122885832000206;2
459;0.5;0;0.6230208595124404;0.0;0.0;0.020494635090094415;2
460;1.0;1;0.34656948982156316;0.0;0.0;0.015126992566498259;1
461;0.0;1;0.5978889168132697;0.0;0.0;0.051822148727810165;2
462;1.0;1;0.4219653179190751;0.0;0.0;0.015712553569072387;2
463;0.0;1;0.5853229454636844;0.0;0.0;0.07514699533034619;2
464;0.5;1;0.5978889168132697;0.0;0.0;0.025374310111545468;2
465;1.0;1;0.34656948982156316;0.0;0.0;0.015712553569072387;2
466;1.0;1;0.4722292033174164;0.0;0.0;0.013760683560491965;2
467;0.5;1;0.34656948982156316;0.0;0.0;0.0;2
468;0.0;1;0.6984166876099522;0.0;0.0;0.051822148727810165;2
469;1.0;1;0.34656948982156316;0.0;0.0;0.015078195816283748;1
470;1.0;0;0.0041467705453631576;0.25;0.16666666666666666;0.03758969818624431;0
471;1.0;1;0.34656948982156316;0.0;0.0;0.014151057562208049;2
472;1.0;1;0.4722292033174164;0.0;0.0;0.016908073949327893;2
473;0.5;0;0.4093993465694898;0.125;0.3333333333333333;0.05416439273810667;2
474;0.5;0;0.2837396330736366;0.0;0.0;0.026919605597338588;0
475;1.0;0;0.2711736617240512;0.0;0.0;0.019201521209409888;2
476;0.0;1;0.34656948982156316;0.0;0.0;0.10149724044618187;2
477;0.5;1;0.4219653179190751;0.125;0.0;0.04098927018018883;2
478;1.0;1;0.35913546117114853;0.125;0.0;0.013752485706455927;2
479;1.0;1;0.2711736617240512;0.0;0.0;0.014679623960531627;2
480;1.0;0;0.01985423473234481;0.0;0.16666666666666666;0.023983602730431916;2
481;1.0;1;0.10781603417944208;0.625;0.3333333333333333;0.09154270340242172;2
482;0.5;1;0.34656948982156316;0.0;0.0;0.0;2
483;1.0;1;0.6230208595124404;0.0;0.0;0.015712553569072387;2
484;1.0;0;0.7863784870570495;0.0;0.0;0.018713553707264782;2
485;0.0;1;0.3088715757728072;0.125;0.0;0.17777475888549785;0
486;1.0;0;0.34656948982156316;0.375;0.16666666666666666;0.049707687947515;2
487;0.0;0;0.4345312892686604;0.125;0.0;0.17566830077223786;2
488;0.0;1;0.723548630309123;0.0;0.0;0.057970539254838485;0
489;1.0;1;0.37170143252073384;0.0;0.0;0.015712553569072387;2
490;1.0;1;0.10781603417944208;0.125;0.16666666666666666;0.031034733136428686;2
491;1.0;1;0.34656948982156316;0.125;0.0;0.03897240290032268;2
492;1.0;1;0.2586076903744659;0.0;0.0;0.014151057562208049;2
493;0.0;1;0.685850716260367;0.0;0.0;0.05953203526170282;2
494;0.0;1;0.8869062578537321;0.0;0.0;0.09662576327876685;0
495;1.0;1;0.2586076903744659;0.0;0.0;0.015712553569072387;2
496;1.0;1;0.34656948982156316;0.0;0.0;0.028220722145058292;0
497;0.0;0;0.6732847449107816;0.125;0.0;0.1527664244005612;0
498;1.0;1;0.34656948982156316;0.0;0.0;0.029473237129564348;2
499;0.0;0;0.3088715757728072;0.125;0.3333333333333333;0.29580589980036276;2
500;1.0;1;0.2963056044232219;0.0;0.0;0.015216388212891242;2
501;1.0;1;0.20834380497612465;0.0;0.0;0.016908073949327893;2
502;1.0;0;0.2586076903744659;0.0;0.0;0.015126992566498259;1
503;1.0;0;0.34656948982156316;0.0;0.0;0.014891206669461744;1
504;1.0;0;0.4596632319678311;0.0;0.0;0.018713553707264782;2
505;0.0;0;0.19577783362653933;0.0;0.0;0.16883675574220638;2
506;0.0;1;0.22090977632571;0.125;0.0;0.2125586439344078;0
507;0.5;0;0.4093993465694898;0.0;0.3333333333333333;0.050748620223090936;2
508;0.0;1;0.34656948982156316;0.0;0.0;0.051822148727810165;2
509;1.0;1;0.34656948982156316;0.0;0.0;0.04396587194327397;2
510;1.0;1;0.32143754712239253;0.0;0.0;0.11027245763075773;2
511;1.0;1;0.35913546117114853;0.0;0.0;0.015126992566498259;1
512;1.0;1;0.34656948982156316;0.0;0.0;0.015712553569072387;2
513;0.0;1;0.4470972606182458;0.0;0.0;0.05130978285055781;2
514;0.0;0;0.6732847449107816;0.125;0.0;0.11594107850967697;0
515;1.0;1;0.2963056044232219;0.0;0.0;0.014630827210317117;2
516;0.0;1;0.5853229454636844;0.0;0.0;0.06640417918791278;2
517;0.5;0;0.4219653179190751;0.0;0.0;0.020494635090094415;2
518;1.0;1;0.34656948982156316;0.0;0.0;0.04713766070721715;1
519;0.5;0;0.4470972606182458;0.125;0.0;0.050748620223090936;2
520;1.0;1;0.39683337521990447;0.0;0.0;0.015411575213749286;2
521;0.0;0;0.37170143252073384;0.0;0.0;0.18249984580226933;2
522;1.0;1;0.2711736617240512;0.0;0.0;0.015411575213749286;2
523;1.0;1;0.34656948982156316;0.0;0.0;0.014102260811993537;0
524;0.0;0;0.5476250314149284;0.0;0.16666666666666666;0.11316786160148591;0
525;1.0;1;0.34656948982156316;0.0;0.0;0.014110458666029575;0
526;1.0;1;0.5036441316913798;0.0;0.0;0.015126992566498259;1
527;0.5;0;0.6230208595124404;0.0;0.0;0.020494635090094415;2
528;0.0;1;0.34656948982156316;0.0;0.0;0.4328841690069588;2
529;1.0;1;0.4847951746670017;0.0;0.0;0.015468569817999833;2
530;0.5;1;0.2837396330736366;0.25;0.16666666666666666;0.022446505098674838;2
531;0.5;0;0.01985423473234481;0.125;0.16666666666666666;0.050748620223090936;2
532;1.0;1;0.34656948982156316;0.0;0.0;0.014110458666029575;0
533;1.0;1;0.20834380497612465;0.125;0.16666666666666666;0.014110458666029575;0
534;1.0;0;0.34656948982156316;0.0;0.3333333333333333;0.04364049521284362;0
535;1.0;0;0.37170143252073384;0.0;0.0;0.016908073949327893;2
536;0.5;0;0.08268409148027142;0.0;0.3333333333333333;0.05123658772523604;2
537;0.0;1;0.5601910027645137;0.0;0.0;0.051822148727810165;2
538;0.0;0;0.37170143252073384;0.0;0.0;0.20772776566317125;0
539;1.0;1;0.34656948982156316;0.0;0.0;0.028302115124416098;2
540;0.0;0;0.2711736617240512;0.0;0.3333333333333333;0.09661756542473082;0
541;0.0;0;0.4470972606182458;0.0;0.3333333333333333;0.13858277060920987;2
542;1.0;0;0.10781603417944208;0.5;0.3333333333333333;0.06104473451835265;2
543;1.0;0;0.1329479768786127;0.5;0.3333333333333333;0.06104473451835265;2
544;0.5;1;0.39683337521990447;0.125;0.0;0.050748620223090936;2
545;0.0;1;0.6230208595124404;0.125;0.0;0.20772776566317125;0
546;0.0;1;0.7989444584066349;0.0;0.0;0.050748620223090936;2
547;0.5;0;0.2334757476752953;0.125;0.0;0.050748620223090936;2
548;0.5;1;0.34656948982156316;0.0;0.0;0.02705779799394608;0
549;1.0;1;0.4093993465694898;0.125;0.16666666666666666;0.04006213192611313;2
550;0.5;1;0.09525006282985675;0.125;0.16666666666666666;0.07173122281533045;2
551;0.0;1;0.20834380497612465;0.0;0.3333333333333333;0.21642978772242535;0
552;0.5;1;0.33400351847197784;0.0;0.0;0.050748620223090936;2
553;1.0;1;0.34656948982156316;0.0;0.0;0.015281580671177828;1
554;1.0;1;0.2711736617240512;0.0;0.0;0.014102260811993537;0
555;1.0;0;0.2711736617240512;0.0;0.0;0.015175789316712771;2
556;0.0;1;0.7738125157074642;0.0;0.0;0.051822148727810165;2
557;0.0;0;0.5978889168132697;0.125;0.0;0.07729405233978466;0
558;0.0;1;0.34656948982156316;0.0;0.0;0.4440992237022602;0
559;0.0;0;0.4847951746670017;0.125;0.16666666666666666;0.1554664461834305;2
560;1.0;0;0.4470972606182458;0.125;0.0;0.033962538149299316;2
561;1.0;1;0.34656948982156316;0.0;0.0;0.015126992566498259;1
562;1.0;1;0.49736114601658704;0.0;0.0;0.015411575213749286;2
563;0.5;1;0.34656948982156316;0.0;0.0;0.026350245115835676;2
564;1.0;1;0.34656948982156316;0.0;0.0;0.015712553569072387;2
565;1.0;0;0.34656948982156316;0.0;0.0;0.015712553569072387;2
566;1.0;1;0.2963056044232219;0.25;0.0;0.04713766070721715;2
567;1.0;1;0.2334757476752953;0.0;0.0;0.015411575213749286;2
568;1.0;0;0.35913546117114853;0.0;0.6666666666666666;0.04113566043083236;2
569;1.0;1;0.34656948982156316;0.0;0.0;0.014110458666029575;0
570;1.0;1;0.39683337521990447;0.0;0.0;0.015330377421392339;2
571;0.5;1;0.7738125157074642;0.0;0.0;0.020494635090094415;2
572;0.0;0;0.6607187735611963;0.25;0.0;0.10048070654571319;2
573;0.0;1;0.4470972606182458;0.0;0.0;0.051504969851415845;2
574;1.0;0;0.34656948982156316;0.0;0.0;0.015126992566498259;1
575;1.0;1;0.19577783362653933;0.0;0.0;0.015712553569072387;2
576;1.0;1;0.2334757476752953;0.0;0.0;0.028302115124416098;2
577;0.5;0;0.4219653179190751;0.0;0.0;0.025374310111545468;2
578;0.0;0;0.4847951746670017;0.125;0.0;0.1091095334796455;2
579;1.0;0;0.34656948982156316;0.125;0.0;0.028220722145058292;0
580;1.0;1;0.39683337521990447;0.0;0.0;0.015468569817999833;2
581;0.5;0;0.3088715757728072;0.125;0.16666666666666666;0.05855610025741262;2
582;0.0;0;0.4847951746670017;0.125;0.16666666666666666;0.21642978772242535;0
583;0.5;1;0.6732847449107816;0.0;0.0;0.050748620223090936;2
584;0.0;1;0.4470972606182458;0.0;0.0;0.07831878409428937;0
585;1.0;1;0.34656948982156316;0.0;0.0;0.017005667449756914;0
586;0.0;0;0.22090977632571;0.0;0.3333333333333333;0.1554664461834305;2
587;0.5;1;0.5853229454636844;0.0;0.0;0.02927805012870631;2
588;0.0;1;0.7486805730082936;0.125;0.16666666666666666;0.15458810467956932;0
589;1.0;1;0.2711736617240512;0.0;0.0;0.015712553569072387;2
590;1.0;1;0.34656948982156316;0.0;0.0;0.015712553569072387;2
591;1.0;1;0.4345312892686604;0.0;0.0;0.013907073811135496;2
592;0.0;0;0.648152802211611;0.125;0.0;0.1527664244005612;0
593;1.0;1;0.5853229454636844;0.0;0.0;0.014151057562208049;2
594;1.0;0;0.34656948982156316;0.0;0.3333333333333333;0.015126992566498259;1
595;0.5;1;0.4596632319678311;0.125;0.0;0.050748620223090936;2
596;1.0;1;0.4470972606182458;0.125;0.16666666666666666;0.04713766070721715;2
597;0.5;0;0.34656948982156316;0.0;0.0;0.06441171028315387;2
598;1.0;1;0.610454888162855;0.0;0.0;0.0;2
599;1.0;1;0.34656948982156316;0.0;0.0;0.014102260811993537;0
600;0.0;1;0.610454888162855;0.125;0.0;0.11111839809247648;0
601;0.5;0;0.2963056044232219;0.25;0.16666666666666666;0.05270049023167135;2
602;1.0;1;0.34656948982156316;0.0;0.0;0.015411575213749286;2
603;0.0;1;0.34656948982156316;0.0;0.0;0.08275928836380983;2
604;1.0;1;0.5476250314149284;0.0;0.0;0.015712553569072387;2
605;0.0;1;0.4345312892686604;0.0;0.0;0.051822148727810165;0
606;1.0;1;0.4470972606182458;0.125;0.0;0.030351578633425542;2
607;1.0;1;0.37170143252073384;0.0;0.0;0.015411575213749286;2
608;0.0;1;0.33400351847197784;0.0;0.0;0.05953203526170282;2
609;0.5;0;0.2711736617240512;0.125;0.3333333333333333;0.08115719346076702;0
610;0.0;0;0.49736114601658704;0.0;0.0;0.2995388511917728;2
611;1.0;0;0.4847951746670017;0.125;0.8333333333333333;0.06104473451835265;2
612;1.0;1;0.34656948982156316;0.0;0.0;0.013760683560491965;2
613;1.0;0;0.34656948982156316;0.125;0.0;0.030253985132996517;1
614;1.0;1;0.34656948982156316;0.0;0.0;0.015126992566498259;1
615;1.0;1;0.4345312892686604;0.0;0.0;0.015712553569072387;2
616;0.5;0;0.2963056044232219;0.125;0.3333333333333333;0.12687155055772734;2
617;1.0;1;0.4219653179190751;0.125;0.16666666666666666;0.028106928123558056;2
618;1.0;0;0.32143754712239253;0.125;0.0;0.031425107138144774;2
619;0.5;0;0.04498617743151546;0.25;0.16666666666666666;0.07612293033463641;2
620;0.5;1;0.32143754712239253;0.0;0.0;0.020494635090094415;2
621;1.0;1;0.33400351847197784;0.125;0.0;0.028212719478023115;0
622;0.0;1;0.5224930887157577;0.125;0.0;0.10257896680493714;2
623;1.0;1;0.24604171902488062;0.125;0.16666666666666666;0.030725752114070404;0
624;1.0;1;0.2586076903744659;0.0;0.0;0.015330377421392339;2
625;1.0;1;0.2586076903744659;0.0;0.0;0.031425107138144774;2
626;0.0;1;0.7612465443578789;0.0;0.0;0.06308600017332605;2
627;0.5;1;0.7109826589595376;0.0;0.0;0.024105594605968193;1
628;0.0;0;0.2586076903744659;0.0;0.0;0.15216446768991498;2
629;1.0;1;0.32143754712239253;0.0;0.0;0.015411575213749286;2
630;1.0;1;0.34656948982156316;0.0;0.0;0.015094396337354966;1
631;0.0;1;1.0;0.0;0.0;0.05855610025741262;2
632;1.0;1;0.6355868308620256;0.0;0.0;0.013768881414528002;2
633;0.0;1;0.39683337521990447;0.0;0.0;0.05953203526170282;0
634;0.0;1;0.34656948982156316;0.0;0.0;0.0;2
635;1.0;0;0.10781603417944208;0.375;0.3333333333333333;0.05445717323939373;2
636;0.5;0;0.34656948982156316;0.0;0.0;0.025374310111545468;2
637;1.0;1;0.39683337521990447;0.0;0.0;0.015468569817999833;2
638;0.5;1;0.38426740387031916;0.125;0.16666666666666666;0.05123658772523604;2
639;1.0;0;0.5099271173661725;0.0;0.8333333333333333;0.07746484096553544;2
640;1.0;1;0.34656948982156316;0.125;0.0;0.031425107138144774;2
641;1.0;1;0.24604171902488062;0.0;0.0;0.015330377421392339;2
642;0.0;0;0.2963056044232219;0.0;0.0;0.13526459159462315;0
643;1.0;0;0.01985423473234481;0.375;0.3333333333333333;0.05445717323939373;2
644;1.0;1;0.34656948982156316;0.0;0.0;0.11027245763075773;2
645;1.0;0;0.0041467705453631576;0.25;0.16666666666666666;0.03758969818624431;0
646;0.0;1;0.5978889168132697;0.125;0.0;0.1497654242623688;0
647;1.0;1;0.2334757476752953;0.0;0.0;0.015411575213749286;2
648;0.0;1;0.6984166876099522;0.0;0.0;0.06929138530460494;0
649;1.0;1;0.34656948982156316;0.0;0.0;0.014736618564782174;2
650;1.0;0;0.2837396330736366;0.0;0.0;0.014736618564782174;2
651;1.0;1;0.34656948982156316;0.0;0.0;0.015411575213749286;2
652;0.5;0;0.22090977632571;0.0;0.16666666666666666;0.044893010197349675;2
653;1.0;1;0.2586076903744659;0.0;0.0;0.01646070534336126;2
654;1.0;0;0.34656948982156316;0.0;0.0;0.015281580671177828;1
655;1.0;0;0.22090977632571;0.0;0.0;0.013175122557917838;1
656;0.5;1;0.2963056044232219;0.25;0.0;0.1434624456306609;2
657;1.0;1;0.34656948982156316;0.0;0.0;0.015411575213749286;2
658;1.0;0;0.39683337521990447;0.125;0.16666666666666666;0.030253985132996517;1
659;0.5;1;0.2837396330736366;0.0;0.0;0.025374310111545468;2
660;0.0;1;0.723548630309123;0.0;0.3333333333333333;0.22109807522194713;0
661;0.0;1;0.6230208595124404;0.25;0.0;0.2608674266467732;2
662;1.0;1;0.49736114601658704;0.0;0.0;0.014102260811993537;0
663;0.0;1;0.5853229454636844;0.0;0.0;0.04994347384455151;2
664;1.0;1;0.4470972606182458;0.0;0.0;0.014630827210317117;2
665;1.0;1;0.24604171902488062;0.125;0.0;0.015468569817999833;2
666;0.5;1;0.39683337521990447;0.25;0.0;0.1434624456306609;2
667;0.5;1;0.3088715757728072;0.0;0.0;0.025374310111545468;2
668;1.0;1;0.34656948982156316;0.0;0.0;0.015175789316712771;2
669;1.0;1;0.5350590600653431;0.0;0.0;0.015712553569072387;2
670;0.0;0;0.34656948982156316;0.125;0.0;0.10149724044618187;2
671;0.5;0;0.49736114601658704;0.125;0.16666666666666666;0.07612293033463641;2
672;0.0;1;0.38426740387031916;0.125;0.0;0.10149724044618187;2
673;0.5;1;0.8743402865041467;0.0;0.0;0.020494635090094415;2
674;0.5;1;0.38426740387031916;0.0;0.0;0.025374310111545468;2
675;0.5;1;0.34656948982156316;0.0;0.0;0.0;2
676;1.0;1;0.22090977632571;0.0;0.0;0.015175789316712771;2
677;1.0;1;0.30258859009801453;0.0;0.0;0.015712553569072387;2
678;1.0;0;0.22090977632571;0.0;0.0;0.019209719063445922;2
679;1.0;0;0.5350590600653431;0.125;1.0;0.09154270340242172;2
680;0.0;1;0.4470972606182458;0.0;0.16666666666666666;1.0;0
681;1.0;0;0.34656948982156316;0.0;0.0;0.01588334219482317;1
682;0.0;1;0.33400351847197784;0.0;0.0;0.1497654242623688;0
683;1.0;1;0.24604171902488062;0.0;0.0;0.01800600082915438;2
684;1.0;1;0.17064589092736868;0.625;0.3333333333333333;0.09154270340242172;2
685;0.5;1;0.7486805730082936;0.125;0.16666666666666666;0.07612293033463641;2
686;0.5;1;0.3088715757728072;0.125;0.3333333333333333;0.08115719346076702;0
687;1.0;1;0.17064589092736868;0.5;0.16666666666666666;0.07746484096553544;2
688;1.0;1;0.2334757476752953;0.0;0.0;0.019852079483269742;2
689;1.0;1;0.22090977632571;0.0;0.0;0.015216388212891242;2
690;0.0;0;0.18321186227695402;0.0;0.16666666666666666;0.41250332793836464;2
691;0.0;1;0.38426740387031916;0.125;0.0;0.11125659048908397;2
692;1.0;0;0.04498617743151546;0.0;0.16666666666666666;0.026187654344120927;0
693;1.0;1;0.34656948982156316;0.0;0.0;0.11027245763075773;2
694;1.0;1;0.3088715757728072;0.0;0.0;0.014102260811993537;0
695;0.0;1;0.7486805730082936;0.0;0.0;0.051822148727810165;2
696;0.5;1;0.648152802211611;0.0;0.0;0.026350245115835676;2
697;1.0;1;0.5476250314149284;0.0;0.0;0.015712553569072387;2
698;1.0;0;0.34656948982156316;0.0;0.0;0.015094396337354966;1
699;0.0;1;0.610454888162855;0.125;0.16666666666666666;0.21642978772242535;0
700;1.0;1;0.5224930887157577;0.0;0.0;0.014931805565640218;2
701;0.0;0;0.22090977632571;0.125;0.0;0.4440992237022602;0
702;0.0;1;0.4345312892686604;0.0;0.0;0.05130978285055781;2
703;1.0;0;0.22090977632571;0.0;0.16666666666666666;0.028212719478023115;0
704;1.0;1;0.3088715757728072;0.0;0.0;0.015110792045427042;1
705;1.0;1;0.32143754712239253;0.125;0.0;0.015330377421392339;2
706;0.5;1;0.4847951746670017;0.0;0.0;0.050748620223090936;2
707;0.5;0;0.5601910027645137;0.0;0.0;0.026350245115835676;2
708;0.0;1;0.5224930887157577;0.0;0.0;0.05130978285055781;2
709;0.0;0;0.2711736617240512;0.0;0.0;0.29580589980036276;2
710;1.0;1;0.34656948982156316;0.125;0.16666666666666666;0.029757819776815374;0
711;0.0;0;0.2963056044232219;0.0;0.0;0.09662576327876685;0
712;0.0;1;0.34656948982156316;0.0;0.0;0.051822148727810165;2
713;0.0;1;0.5978889168132697;0.125;0.0;0.10149724044618187;2
714;1.0;1;0.35913546117114853;0.0;0.0;0.018510168852370702;2
715;0.5;1;0.648152802211611;0.0;0.0;0.025374310111545468;2
716;1.0;1;0.2334757476752953;0.0;0.0;0.014931805565640218;2
717;0.0;0;0.4722292033174164;0.0;0.0;0.4440992237022602;0
718;0.5;0;0.33400351847197784;0.0;0.0;0.020494635090094415;2
719;1.0;1;0.34656948982156316;0.0;0.0;0.030253985132996517;1
720;1.0;1;0.4093993465694898;0.0;0.0;0.015175789316712771;2
721;0.5;0;0.0701181201306861;0.0;0.16666666666666666;0.06441171028315387;2
722;1.0;1;0.20834380497612465;0.125;0.0;0.013768881414528002;2
723;0.5;1;0.4219653179190751;0.0;0.0;0.025374310111545468;2
724;0.5;1;0.6230208595124404;0.0;0.0;0.025374310111545468;2
725;0.0;1;0.33400351847197784;0.125;0.0;0.10364429745562033;2
726;1.0;1;0.24604171902488062;0.0;0.0;0.016908073949327893;2
727;0.5;0;0.37170143252073384;0.375;0.0;0.04098927018018883;2
728;1.0;0;0.34656948982156316;0.0;0.0;0.015102594191391004;1
729;0.5;1;0.3088715757728072;0.125;0.0;0.050748620223090936;2
730;1.0;0;0.3088715757728072;0.125;0.0;0.015468569817999833;2
731;0.0;0;0.35913546117114853;0.0;0.0;0.41250332793836464;2
732;1.0;1;0.1329479768786127;0.0;0.0;0.036670757786204655;0
733;0.5;1;0.34656948982156316;0.0;0.0;0.0;2
734;0.5;1;0.2837396330736366;0.0;0.0;0.025374310111545468;2
735;0.5;1;0.2837396330736366;0.0;0.0;0.025374310111545468;2
736;1.0;1;0.35285247549635584;0.0;0.0;0.031425107138144774;2
737;1.0;0;0.5978889168132697;0.125;0.5;0.06709553154495196;2
738;0.0;1;0.4345312892686604;0.0;0.0;1.0;0
739;1.0;1;0.34656948982156316;0.0;0.0;0.015411575213749286;2
740;1.0;1;0.34656948982156316;0.0;0.0;0.015411575213749286;2
741;0.0;1;0.34656948982156316;0.0;0.0;0.05855610025741262;2
742;0.0;1;0.4470972606182458;0.125;0.0;0.15390495017656614;2
743;0.0;0;0.2586076903744659;0.25;0.3333333333333333;0.5121218935012878;0
744;1.0;1;0.2963056044232219;0.125;0.0;0.031425107138144774;2
745;1.0;1;0.38426740387031916;0.0;0.0;0.015468569817999833;2
746;0.0;1;0.8743402865041467;0.125;0.16666666666666666;0.13858277060920987;2
747;1.0;1;0.19577783362653933;0.125;0.16666666666666666;0.03952536767375352;2
748;0.5;0;0.37170143252073384;0.0;0.0;0.025374310111545468;2
749;0.0;1;0.2334757476752953;0.125;0.0;0.10364429745562033;2
750;1.0;1;0.38426740387031916;0.0;0.0;0.015126992566498259;1
751;0.5;0;0.04498617743151546;0.125;0.16666666666666666;0.044893010197349675;2
752;1.0;1;0.0701181201306861;0.0;0.16666666666666666;0.024349578357040744;2
753;1.0;1;0.4093993465694898;0.0;0.0;0.018542765081513996;2
754;1.0;1;0.2837396330736366;0.0;0.0;0.015411575213749286;2
755;0.5;0;0.5978889168132697;0.125;0.3333333333333333;0.12687155055772734;2
756;0.5;1;0.003141492837396331;0.125;0.16666666666666666;0.028302115124416098;2
757;1.0;1;0.34656948982156316;0.0;0.0;0.015216388212891242;2
758;0.5;1;0.22090977632571;0.0;0.0;0.022446505098674838;2
759;1.0;1;0.4219653179190751;0.0;0.0;0.015712553569072387;2
760;0.0;0;0.4093993465694898;0.0;0.0;0.16883675574220638;2
761;1.0;1;0.34656948982156316;0.0;0.0;0.028302115124416098;2
762;1.0;1;0.5099271173661725;0.0;0.0;0.013907073811135496;2
763;1.0;1;0.24604171902488062;0.0;0.0;0.014110458666029575;0
764;0.0;0;0.4470972606182458;0.125;0.3333333333333333;0.23422440102965048;2
765;1.0;1;0.19577783362653933;0.0;0.0;0.015175789316712771;2
766;0.0;0;0.6355868308620256;0.125;0.0;0.15216446768991498;2
767;0.0;1;0.34656948982156316;0.0;0.0;0.07729405233978466;0
768;1.0;0;0.3779844181955265;0.0;0.0;0.015126992566498259;1
769;1.0;1;0.34656948982156316;0.125;0.0;0.04713766070721715;1
770;1.0;1;0.39683337521990447;0.0;0.0;0.016322512946753766;2
771;1.0;1;0.2963056044232219;0.0;0.0;0.018542765081513996;2
772;1.0;1;0.5978889168132697;0.0;0.0;0.015330377421392339;2
773;0.5;0;0.7109826589595376;0.0;0.0;0.020494635090094415;2
774;1.0;1;0.34656948982156316;0.0;0.0;0.014102260811993537;0
775;0.5;0;0.6732847449107816;0.125;0.5;0.044893010197349675;2
776;1.0;1;0.22090977632571;0.0;0.0;0.015126992566498259;2
777;1.0;1;0.34656948982156316;0.0;0.0;0.015126992566498259;1
778;1.0;0;0.05755214878110078;0.0;0.0;0.024349578357040744;2
779;1.0;1;0.34656948982156316;0.0;0.0;0.015102594191391004;1
780;0.0;0;0.5350590600653431;0.0;0.16666666666666666;0.41250332793836464;2
781;1.0;0;0.15807991957778336;0.0;0.0;0.014110458666029575;0
782;0.0;0;0.20834380497612465;0.125;0.0;0.11125659048908397;2
783;0.0;1;0.35913546117114853;0.0;0.0;0.05855610025741262;2
784;1.0;1;0.34656948982156316;0.125;0.3333333333333333;0.04577135170121086;2
785;1.0;1;0.3088715757728072;0.0;0.0;0.013760683560491965;2
786;1.0;1;0.3088715757728072;0.0;0.0;0.014151057562208049;2
787;1.0;0;0.22090977632571;0.0;0.0;0.014630827210317117;2
788;1.0;1;0.09525006282985675;0.5;0.16666666666666666;0.05684821399990475;1
789;1.0;1;0.007288263382759488;0.125;0.3333333333333333;0.04015972542654215;2
790;0.0;1;0.5727569741140991;0.0;0.0;0.15458810467956932;0
791;1.0;1;0.34656948982156316;0.0;0.0;0.015126992566498259;1
792;0.5;1;0.19577783362653933;0.0;0.0;0.050748620223090936;2
793;1.0;0;0.34656948982156316;1.0;0.3333333333333333;0.13575255909676825;2
794;0.0;1;0.34656948982156316;0.0;0.0;0.05991421140938287;0
795;1.0;1;0.3088715757728072;0.0;0.0;0.015411575213749286;2
796;0.5;1;0.4847951746670017;0.0;0.0;0.025374310111545468;2
797;0.0;0;0.610454888162855;0.0;0.0;0.050610427826483444;2
798;1.0;0;0.38426740387031916;0.0;0.0;0.016948672845506364;2
799;1.0;1;0.37170143252073384;0.0;0.0;0.014110458666029575;0
800;1.0;0;0.37170143252073384;0.125;0.16666666666666666;0.04713766070721715;2
801;0.5;1;0.4219653179190751;0.0;0.0;0.025374310111545468;2
802;0.5;0;0.38426740387031916;0.125;0.16666666666666666;0.05123658772523604;2
803;0.0;1;0.1329479768786127;0.125;0.3333333333333333;0.23422440102965048;2
804;1.0;1;0.0;0.0;0.16666666666666666;0.016623491302076868;0
805;1.0;1;0.33400351847197784;0.0;0.0;0.013614293309848433;2
806;1.0;1;0.38426740387031916;0.0;0.0;0.015175789316712771;2
807;0.0;1;0.4847951746670017;0.0;0.0;0.0;2
808;1.0;0;0.22090977632571;0.0;0.0;0.015175789316712771;2
809;0.5;1;0.4847951746670017;0.0;0.0;0.025374310111545468;2
810;0.0;0;0.4093993465694898;0.125;0.0;0.10364429745562033;2
811;1.0;1;0.32143754712239253;0.0;0.0;0.015395374692678068;2
812;1.0;1;0.4847951746670017;0.0;0.0;0.04713766070721715;2
813;0.5;1;0.4345312892686604;0.0;0.0;0.020494635090094415;2
814;1.0;0;0.0701181201306861;0.5;0.3333333333333333;0.06104473451835265;2
815;1.0;1;0.3779844181955265;0.0;0.0;0.015712553569072387;2
816;0.0;1;0.34656948982156316;0.0;0.0;0.0;2
817;1.0;0;0.2837396330736366;0.0;0.0;0.015468569817999833;2
818;0.5;1;0.38426740387031916;0.125;0.16666666666666666;0.07222738817151159;0
819;1.0;1;0.5350590600653431;0.0;0.0;0.012589561555343713;2
820;1.0;1;0.12038200552902739;0.375;0.3333333333333333;0.05445717323939373;2
821;0.0;0;0.648152802211611;0.125;0.16666666666666666;0.18249984580226933;2
822;1.0;1;0.33400351847197784;0.0;0.0;0.016908073949327893;2
823;0.0;1;0.4722292033174164;0.0;0.0;0.0;2
824;1.0;0;0.33400351847197784;0.0;0.16666666666666666;0.024349578357040744;2
825;1.0;1;0.01985423473234481;0.5;0.16666666666666666;0.07746484096553544;2
826;1.0;1;0.34656948982156316;0.0;0.0;0.013565496559633922;1
827;1.0;1;0.34656948982156316;0.0;0.0;0.11027245763075773;2
828;0.5;1;0.007288263382759488;0.0;0.3333333333333333;0.07222738817151159;0
829;1.0;1;0.34656948982156316;0.0;0.0;0.015126992566498259;1
830;0.0;0;0.7738125157074642;0.0;0.0;0.15614960068643363;2
831;1.0;0;0.18321186227695402;0.125;0.0;0.028212719478023115;0
832;0.5;1;0.005152048253329982;0.125;0.16666666666666666;0.03659756266088288;2
833;1.0;1;0.34656948982156316;0.0;0.0;0.014110458666029575;0
834;1.0;1;0.2837396330736366;0.0;0.0;0.015330377421392339;2
835;1.0;1;0.22090977632571;0.0;0.0;0.016200521071217493;2
836;0.0;0;0.4847951746670017;0.125;0.16666666666666666;0.16231419173453318;0
837;1.0;1;0.2586076903744659;0.0;0.0;0.016908073949327893;2
838;1.0;1;0.34656948982156316;0.0;0.0;0.015712553569072387;2
839;1.0;1;0.39683337521990447;0.0;0.0;0.11027245763075773;2
840;0.0;1;0.34656948982156316;0.0;0.0;0.057970539254838485;0
841;1.0;1;0.24604171902488062;0.0;0.0;0.015468569817999833;2
842;0.5;1;0.19577783362653933;0.0;0.0;0.020494635090094415;2
843;0.0;0;0.37170143252073384;0.0;0.0;0.060507970265993034;0
844;1.0;1;0.4282483035938678;0.0;0.0;0.012565163180236457;0
845;1.0;1;0.20834380497612465;0.0;0.0;0.016908073949327893;2
846;1.0;1;0.5224930887157577;0.0;0.0;0.014736618564782174;2
847;1.0;1;0.34656948982156316;1.0;0.3333333333333333;0.13575255909676825;2
848;1.0;1;0.4345312892686604;0.0;0.0;0.015411575213749286;0
849;0.5;1;0.34656948982156316;0.0;0.16666666666666666;0.06441171028315387;2
850;0.0;0;0.34656948982156316;0.125;0.0;0.17391981561855152;0
851;1.0;1;0.04498617743151546;0.5;0.3333333333333333;0.06104473451835265;2
852;1.0;1;0.9246041719024881;0.0;0.0;0.015175789316712771;2
853;1.0;0;0.10781603417944208;0.125;0.16666666666666666;0.029757819776815374;0
854;0.0;0;0.19577783362653933;0.0;0.16666666666666666;0.07690367833806856;2
855;0.5;0;0.5476250314149284;0.125;0.0;0.050748620223090936;2
856;1.0;0;0.22090977632571;0.0;0.16666666666666666;0.018249984580226933;2
857;0.0;0;0.5601910027645137;0.125;0.16666666666666666;0.32179836714362564;2
858;0.0;1;0.6355868308620256;0.0;0.0;0.051822148727810165;2
859;1.0;0;0.2963056044232219;0.0;0.5;0.03758969818624431;0
860;1.0;1;0.34656948982156316;0.0;0.0;0.014110458666029575;0
861;1.0;1;0.5099271173661725;0.25;0.0;0.027537567642055148;2
862;0.5;1;0.2586076903744659;0.125;0.0;0.022446505098674838;2
863;0.0;0;0.5978889168132697;0.0;0.0;0.050610427826483444;2
864;1.0;0;0.34656948982156316;1.0;0.3333333333333333;0.13575255909676825;2
865;0.5;1;0.2963056044232219;0.0;0.0;0.025374310111545468;2
866;0.5;0;0.5224930887157577;0.0;0.0;0.025374310111545468;2
867;0.5;0;0.33400351847197784;0.125;0.0;0.027049600139910042;0
868;0.0;1;0.38426740387031916;0.0;0.0;0.09856123757927521;2
869;1.0;1;0.34656948982156316;0.0;0.0;0.018542765081513996;2
870;1.0;1;0.04498617743151546;0.125;0.16666666666666666;0.021730754366528396;2
871;1.0;1;0.32143754712239253;0.0;0.0;0.015411575213749286;2
872;0.0;0;0.5853229454636844;0.125;0.16666666666666666;0.10257896680493714;2
873;0.0;1;0.4093993465694898;0.0;0.0;0.009759350042902102;2
874;1.0;1;0.5853229454636844;0.0;0.0;0.017566830077223785;2
875;0.5;0;0.34656948982156316;0.125;0.0;0.04684488020593009;0
876;1.0;0;0.18321186227695402;0.0;0.0;0.014102260811993537;0
877;1.0;1;0.24604171902488062;0.0;0.0;0.019217721730481106;2
878;1.0;1;0.2334757476752953;0.0;0.0;0.015411575213749286;2
879;1.0;1;0.34656948982156316;0.0;0.0;0.015411575213749286;2
880;0.0;0;0.6984166876099522;0.0;0.16666666666666666;0.16231419173453318;0
881;0.5;0;0.3088715757728072;0.0;0.16666666666666666;0.050748620223090936;2
882;1.0;1;0.4093993465694898;0.0;0.0;0.015411575213749286;2
883;1.0;0;0.2711736617240512;0.0;0.0;0.02052723131923771;2
884;0.5;1;0.34656948982156316;0.0;0.0;0.020494635090094415;2
885;1.0;1;0.3088715757728072;0.0;0.0;0.013760683560491965;2
886;1.0;0;0.4847951746670017;0.0;0.8333333333333333;0.05684821399990475;1
887;0.5;1;0.33400351847197784;0.0;0.0;0.025374310111545468;2
888;0.0;0;0.2334757476752953;0.0;0.0;0.05855610025741262;2
889;1.0;0;0.34656948982156316;0.125;0.3333333333333333;0.04577135170121086;2
890;0.0;1;0.32143754712239253;0.0;0.0;0.05855610025741262;0
891;1.0;1;0.39683337521990447;0.0;0.0;0.015126992566498259;1
